chain,resi,resn,p_bind
A,1,M,0.06791073083877563
A,2,N,0.019734809175133705
A,3,N,0.03969867527484894
A,4,L,0.05083451420068741
A,5,L,0.03925185278058052
A,6,C,0.011782439425587654
A,7,C,0.027008963748812675
A,8,A,0.022410210222005844
A,9,L,0.007956091314554214
A,10,V,0.01247075293213129
A,11,F,0.012169494293630123
A,12,L,0.010388525202870369
A,13,D,0.0032355249859392643
A,14,I,0.022031227126717567
A,15,S,0.004366382956504822
A,16,I,0.014674088917672634
A,17,K,0.005780569743365049
A,18,W,0.0321158729493618
A,19,T,0.007964767515659332
A,20,T,0.019340649247169495
A,21,Q,0.008888835087418556
A,22,E,0.0375187061727047
A,23,T,0.02630208618938923
A,24,F,0.011753447353839874
A,25,P,0.010970788076519966
A,26,P,0.01803969033062458
A,27,K,0.014561262913048267
A,28,Y,0.016962777823209763
A,29,L,0.01297412347048521
A,30,H,0.008230436593294144
A,31,Y,0.0033062384463846684
A,32,D,0.007040539290755987
A,33,E,0.003485336434096098
A,34,E,0.006916983053088188
A,35,T,0.01725391484797001
A,36,S,0.002556058345362544
A,37,H,0.006749981082975864
A,38,Q,0.006719096098095179
A,39,L,0.036126431077718735
A,40,L,0.020169951021671295
A,41,C,0.008032852783799171
A,42,D,0.015252575278282166
A,43,K,0.023737607523798943
A,44,C,0.016683397814631462
A,45,P,0.010214910842478275
A,46,P,0.018089203163981438
A,47,G,0.010116229765117168
A,48,T,0.013576880097389221
A,49,Y,0.020407725125551224
A,50,L,0.010499910451471806
A,51,K,0.0034448711667209864
A,52,Q,0.005143459886312485
A,53,H,0.005016792565584183
A,54,C,0.007640304043889046
A,55,T,0.004347910638898611
A,56,A,0.012954250909388065
A,57,K,0.010528475046157837
A,58,W,0.026379890739917755
A,59,K,0.017325380817055702
A,60,T,0.028519410640001297
A,61,V,0.02109367586672306
A,62,C,0.009403337724506855
A,63,A,0.0032857628539204597
A,64,P,0.007107383105903864
A,65,C,0.00764815416187048
A,66,P,0.002146543702110648
A,67,D,0.004732001572847366
A,68,H,0.00902144331485033
A,69,Y,0.005619812291115522
A,70,Y,0.04414193704724312
A,71,T,0.01996683143079281
A,72,D,0.09504479169845581
A,73,S,0.0478011816740036
A,74,W,0.06501662731170654
A,75,H,0.0642886757850647
A,76,T,0.02971433661878109
A,77,S,0.022769657894968987
A,78,D,0.019603369757533073
A,79,E,0.041334427893161774
A,80,C,0.011979997158050537
A,81,L,0.03444085270166397
A,82,Y,0.011096799746155739
A,83,C,0.0059123048558831215
A,84,S,0.01737772487103939
A,85,P,0.011369944550096989
A,86,V,0.01621060259640217
A,87,C,0.005650839302688837
A,88,K,0.012994392774999142
A,89,E,0.009413820691406727
A,90,L,0.01239579264074564
A,91,Q,0.01335820835083723
A,92,Y,0.027321089059114456
A,93,V,0.003431643359363079
A,94,K,0.01151710283011198
A,95,Q,0.009082757867872715
A,96,E,0.004366569686681032
A,97,C,0.002351337345317006
A,98,N,0.006457221228629351
A,99,R,0.006290873512625694
A,100,T,0.013086245395243168
A,101,H,0.03380170464515686
A,102,N,0.051559437066316605
A,103,R,0.008986230939626694
A,104,V,0.05808243900537491
A,105,C,0.01031994353979826
A,106,E,0.07020968943834305
A,107,C,0.013302152045071125
A,108,K,0.029529625549912453
A,109,E,0.07160326093435287
A,110,G,0.0272931307554245
A,111,R,0.02107137069106102
A,112,Y,0.028909917920827866
A,113,L,0.026812944561243057
A,114,E,0.019612934440374374
A,115,I,0.03461072966456413
A,116,E,0.0698588490486145
A,117,F,0.005749940872192383
A,118,C,0.009776399470865726
A,119,L,0.008451059460639954
A,120,K,0.06401833146810532
A,121,H,0.07579908519983292
A,122,R,0.026508359238505363
A,123,S,0.04529169946908951
A,124,C,0.046779241412878036
A,125,P,0.061239711940288544
A,126,P,0.11784353107213974
A,127,G,0.032912418246269226
A,128,F,0.0539708212018013
A,129,G,0.06203470751643181
A,130,V,0.06491181999444962
A,131,V,0.023200619965791702
A,132,Q,0.00972793810069561
A,133,A,0.03177865222096443
A,134,G,0.020254699513316154
A,135,T,0.041784610599279404
A,136,P,0.03279224410653114
A,137,E,0.06268608570098877
A,138,R,0.012338563799858093
A,139,N,0.044595636427402496
A,140,T,0.062195733189582825
A,141,V,0.02038983441889286
A,142,C,0.02118031308054924
A,143,K,0.03987251594662666
A,144,R,0.015226233750581741
A,145,C,0.028195779770612717
A,146,P,0.016188565641641617
A,147,D,0.004058843944221735
A,148,G,0.024944337084889412
A,149,F,0.03886387124657631
A,150,F,0.10915356874465942
A,151,S,0.060359757393598557
A,152,N,0.3627575933933258
A,153,E,0.5625203847885132
A,154,T,0.12436354905366898
A,155,S,0.16979669034481049
A,156,S,0.058286767452955246
A,157,K,0.21807803213596344
A,158,A,0.2399665117263794
A,159,P,0.0884891226887703
A,160,C,0.02429690584540367
A,161,R,0.524334728717804
A,162,K,0.04928866773843765
A,163,H,0.05011580139398575
A,164,T,0.6365901827812195
A,165,N,0.03031684085726738
A,166,C,0.01866430975496769
A,167,S,0.004607330076396465
A,168,V,0.12699902057647705
A,169,F,0.32516902685165405
A,170,G,0.018136002123355865
A,171,L,0.1743267923593521
A,172,L,0.004659442696720362
A,173,L,0.0038067519199103117
A,174,T,0.011447635479271412
A,175,Q,0.030795907601714134
A,176,K,0.006538558751344681
A,177,G,0.03668283298611641
A,178,N,0.014141022227704525
A,179,A,0.0363224558532238
A,180,T,0.08062788099050522
A,181,H,0.190474733710289
A,182,D,0.580130398273468
A,183,N,0.08772134780883789
A,184,I,0.4062281548976898
A,185,C,0.15216122567653656
A,186,S,0.11614735424518585
A,187,G,0.08372875303030014
A,188,N,0.012152201496064663
A,189,S,0.004431040491908789
A,190,E,0.005820061545819044
A,191,S,0.004625285975635052
A,192,T,0.08005350083112717
A,193,Q,0.008219553157687187
A,194,K,0.29789403080940247
A,195,C,0.037990644574165344
A,196,G,0.022994939237833023
A,197,I,0.19776754081249237
A,198,D,0.02182973176240921
A,199,V,0.09417779743671417
A,200,T,0.17074887454509735
A,201,L,0.11073749512434006
A,202,C,0.055321693420410156
A,203,E,0.03491530567407608
A,204,E,0.060537852346897125
A,205,A,0.07959660142660141
A,206,F,0.07238870114088058
A,207,F,0.019668731838464737
A,208,R,0.16950872540473938
A,209,F,0.3546713888645172
A,210,A,0.1586948037147522
A,211,V,0.12814195454120636
A,212,P,0.2483842521905899
A,213,T,0.44417163729667664
A,214,K,0.3869147002696991
A,215,F,0.019050275906920433
A,216,T,0.06980356574058533
A,217,P,0.03166833519935608
A,218,N,0.009791769087314606
A,219,W,0.26436516642570496
A,220,L,0.008179480209946632
A,221,S,0.002614734461531043
A,222,V,0.047755178064107895
A,223,L,0.056951068341732025
A,224,V,0.001027161837555468
A,225,D,0.0024770069867372513
A,226,N,0.041882697492837906
A,227,L,0.027037817984819412
A,228,P,0.02447076328098774
A,229,G,0.0028748821932822466
A,230,T,0.0037270626053214073
A,231,K,0.001654776162467897
A,232,V,0.013383540324866772
A,233,N,0.0013613960472866893
A,234,A,0.0010113856988027692
A,235,E,0.0014537859242409468
A,236,S,0.005159021355211735
A,237,V,0.004664971958845854
A,238,E,0.0005457593942992389
A,239,R,0.011452022939920425
A,240,I,0.008099647238850594
A,241,K,0.003129944670945406
A,242,R,0.0030763421673327684
A,243,Q,0.014548650942742825
A,244,H,0.014086727984249592
A,245,S,0.011383608914911747
A,246,S,0.011882886290550232
A,247,Q,0.05696694552898407
A,248,E,0.04018152132630348
A,249,Q,0.004499475471675396
A,250,T,0.026130646467208862
A,251,F,0.054651036858558655
A,252,Q,0.005320935044437647
A,253,L,0.003042085561901331
A,254,L,0.03954789787530899
A,255,K,0.04768140986561775
A,256,L,0.009909692220389843
A,257,W,0.013601104728877544
A,258,K,0.1114828810095787
A,259,H,0.03506626561284065
A,260,Q,0.0016048852121457458
A,261,N,0.0029614006634801626
A,262,K,0.03505690395832062
A,263,D,0.0027971058152616024
A,264,Q,0.002682730322703719
A,265,D,0.006253372877836227
A,266,I,0.03469062224030495
A,267,V,0.032332781702280045
A,268,K,0.027003919705748558
A,269,K,0.10651906579732895
A,270,I,0.02794095315039158
A,271,I,0.08931566029787064
A,272,Q,0.08040491491556168
A,273,D,0.13600662350654602
A,274,I,0.058348603546619415
A,275,D,0.21335937082767487
A,276,L,0.4642932415008545
A,277,C,0.03812743350863457
A,278,E,0.15919387340545654
A,279,N,0.5419620871543884
A,280,S,0.35516226291656494
A,281,V,0.07815568894147873
A,282,Q,0.11584267020225525
A,283,R,0.6983411312103271
A,284,H,0.2638474702835083
A,285,I,0.089322030544281
A,286,G,0.06672332435846329
A,287,H,0.07870260626077652
A,288,A,0.02000240422785282
A,289,N,0.003645127872005105
A,290,L,0.01568293757736683
A,291,T,0.003599461866542697
A,292,F,0.002254387829452753
A,293,E,0.004753633867949247
A,294,Q,0.005881015677005053
A,295,L,0.009007028304040432
A,296,R,0.0006118830060586333
A,297,S,0.005591430701315403
A,298,L,0.013703900389373302
A,299,M,0.00785611942410469
A,300,E,0.0023441347293555737
A,301,S,0.010650420561432838
A,302,L,0.03400656580924988
A,303,P,0.04811827838420868
A,304,G,0.003182911779731512
A,305,K,0.0070418925024569035
A,306,K,0.006557628978043795
A,307,V,0.030975107103586197
A,308,G,0.001665960531681776
A,309,A,0.0020890773739665747
A,310,E,0.0006311387405730784
A,311,D,0.008035882376134396
A,312,I,0.002859954722225666
A,313,E,0.0007873091963119805
A,314,K,0.008150957524776459
A,315,T,0.015370363369584084
A,316,I,0.0016567244892939925
A,317,K,0.004658317193388939
A,318,A,0.00965888425707817
A,319,C,0.016671793535351753
A,320,K,0.09916912764310837
A,321,P,0.03636068105697632
A,322,S,0.12858901917934418
A,323,D,0.12933917343616486
A,324,Q,0.010322758927941322
A,325,I,0.02854927070438862
A,326,L,0.1478051096200943
A,327,K,0.03632894158363342
A,328,L,0.009807816706597805
A,329,L,0.09541912376880646
A,330,S,0.0348021537065506
A,331,L,0.014696506783366203
A,332,W,0.025675645098090172
A,333,R,0.12360012531280518
A,334,I,0.025793680921196938
A,335,K,0.00677367951720953
A,336,N,0.006762925535440445
A,337,G,0.007041112519800663
A,338,D,0.014633866026997566
A,339,Q,0.057919543236494064
A,340,D,0.14085349440574646
A,341,T,0.0538015253841877
A,342,L,0.17989791929721832
A,343,K,0.22410254180431366
A,344,G,0.01995493844151497
A,345,L,0.05116470530629158
A,346,M,0.13022859394550323
A,347,H,0.025975190103054047
A,348,A,0.014082144945859909
A,349,L,0.06785164028406143
A,350,K,0.06030120700597763
A,351,H,0.00972901750355959
A,352,S,0.011223268695175648
A,353,K,0.01309447642415762
A,354,T,0.004969851113855839
A,355,Y,0.006905754096806049
A,356,H,0.004798706620931625
A,357,F,0.015693003311753273
A,358,P,0.006873832084238529
A,359,K,0.01914462074637413
A,360,T,0.03782132267951965
A,361,V,0.025504998862743378
A,362,T,0.025139575824141502
A,363,Q,0.043282851576805115
A,364,S,0.09801741689443588
A,365,L,0.06446091830730438
A,366,K,0.07921575009822845
A,367,K,0.15419092774391174
A,368,T,0.057925738394260406
A,369,I,0.03133079782128334
A,370,R,0.3468732237815857
A,371,F,0.325659841299057
A,372,L,0.10508899390697479
A,373,H,0.24264760315418243
A,374,S,0.08226585388183594
A,375,F,0.18226921558380127
A,376,T,0.1978185474872589
A,377,M,0.0624789223074913
A,378,Y,0.36331626772880554
A,379,K,0.10978560149669647
A,380,L,0.16907361149787903
A,381,Y,0.2896549105644226
A,382,Q,0.1911131590604782
A,383,K,0.12425237894058228
A,384,L,0.05284903943538666
A,385,F,0.40778201818466187
A,386,L,0.2553642690181732
A,387,E,0.027119845151901245
A,388,M,0.01336318626999855
A,389,I,0.09756306558847427
A,390,G,0.027475684881210327
A,391,N,0.06131276115775108
A,392,Q,0.0074539268389344215
A,393,V,0.09191525727510452
A,394,Q,0.054901156574487686
A,395,S,0.017783071845769882
A,396,V,0.07000604271888733
A,397,K,0.09179970622062683
A,398,I,0.35117650032043457
A,399,S,0.06928616762161255
A,400,C,0.1237739771604538
A,401,L,0.10449186712503433
