chain,residue_number,pbind
A,1,0.035737
A,10,0.022101
A,100,0.014042
A,101,0.027609
A,102,0.016288
A,103,0.003496
A,104,0.035518
A,105,0.031284
A,106,0.023351
A,107,0.010882
A,108,0.020228
A,109,0.011238
A,11,0.006671
A,110,0.111024
A,111,0.022202
A,112,0.017926
A,113,0.103565
A,114,0.045542
A,115,0.014080
A,116,0.176060
A,117,0.009963
A,118,0.003576
A,119,0.064696
A,12,0.011106
A,120,0.021856
A,121,0.018663
A,122,0.051354
A,123,0.032884
A,124,0.067863
A,125,0.035476
A,126,0.049708
A,127,0.020297
A,128,0.041004
A,129,0.052291
A,13,0.055382
A,130,0.150526
A,131,0.211039
A,132,0.134539
A,133,0.104478
A,134,0.013947
A,135,0.024496
A,136,0.008335
A,137,0.023348
A,138,0.166382
A,139,0.045882
A,14,0.003423
A,140,0.028761
A,141,0.010312
A,142,0.004197
A,143,0.008716
A,144,0.031735
A,145,0.011866
A,146,0.042758
A,147,0.006071
A,148,0.092949
A,149,0.024592
A,15,0.048744
A,150,0.055516
A,151,0.032653
A,152,0.013324
A,153,0.018333
A,154,0.006226
A,155,0.017217
A,156,0.002352
A,157,0.032670
A,158,0.003641
A,159,0.006523
A,16,0.017573
A,160,0.004958
A,161,0.006397
A,162,0.064195
A,163,0.048781
A,164,0.181825
A,165,0.028542
A,166,0.044824
A,167,0.037564
A,168,0.030711
A,169,0.068787
A,17,0.006195
A,170,0.025877
A,171,0.209278
A,172,0.016352
A,173,0.218356
A,174,0.027896
A,175,0.088529
A,176,0.027790
A,177,0.030820
A,178,0.396249
A,179,0.045954
A,18,0.070509
A,180,0.058374
A,181,0.050569
A,182,0.057999
A,183,0.011961
A,184,0.006289
A,185,0.014718
A,186,0.047800
A,187,0.035640
A,188,0.005656
A,189,0.015482
A,19,0.009881
A,190,0.176791
A,191,0.008498
A,192,0.020205
A,193,0.038947
A,194,0.017851
A,195,0.010590
A,196,0.007115
A,197,0.023244
A,198,0.012549
A,199,0.005707
A,2,0.003871
A,20,0.028746
A,200,0.009389
A,201,0.015810
A,202,0.006906
A,203,0.022600
A,204,0.002791
A,205,0.012665
A,206,0.010986
A,207,0.021381
A,208,0.050324
A,209,0.033961
A,21,0.021756
A,210,0.021525
A,211,0.070878
A,212,0.033750
A,213,0.030485
A,214,0.022194
A,215,0.024092
A,216,0.042976
A,217,0.007612
A,218,0.017936
A,219,0.027875
A,22,0.010169
A,220,0.001698
A,221,0.002480
A,222,0.008626
A,223,0.021097
A,224,0.030061
A,225,0.082033
A,226,0.012897
A,227,0.202877
A,228,0.111879
A,229,0.126476
A,23,0.009054
A,230,0.099008
A,231,0.073301
A,232,0.039196
A,233,0.032981
A,234,0.069529
A,235,0.079813
A,236,0.028260
A,237,0.003482
A,238,0.009923
A,239,0.111282
A,24,0.022601
A,240,0.039908
A,241,0.017073
A,242,0.117131
A,243,0.051681
A,244,0.038294
A,245,0.047166
A,246,0.247137
A,247,0.024273
A,248,0.006329
A,249,0.027440
A,25,0.002614
A,26,0.078426
A,27,0.022800
A,28,0.040656
A,29,0.020272
A,3,0.004060
A,30,0.056269
A,31,0.003042
A,32,0.073127
A,33,0.005429
A,34,0.006755
A,35,0.027714
A,36,0.024590
A,37,0.031175
A,38,0.009757
A,39,0.090456
A,4,0.019323
A,40,0.010376
A,41,0.002340
A,42,0.008632
A,43,0.014078
A,44,0.073521
A,45,0.001251
A,46,0.002213
A,47,0.051560
A,48,0.000777
A,49,0.001693
A,5,0.040750
A,50,0.006498
A,51,0.001357
A,6,0.006951
A,7,0.015617
A,8,0.011675
A,89,0.014404
A,9,0.014878
A,90,0.028879
A,91,0.003044
A,92,0.020005
A,93,0.016855
A,94,0.013106
A,95,0.002742
A,96,0.001802
A,97,0.025496
A,98,0.001821
A,99,0.012094
